user,ccc9c73a37651c6b35de64c3a37858ccae045d285f57fffb409d251d
user3,ccc9c73a37651c6b35de64c3a37858ccae045d285f57fffb409d251d
user2,ccc9c73a37651c6b35de64c3a37858ccae045d285f57fffb409d251d
user5,ccc9c73a37651c6b35de64c3a37858ccae045d285f57fffb409d251d
user7,39fe830cb4e254654e9087e0b77997d8404037c3dbed46c3eb99debe
user8,eb0254773e020853b1fc01a964ed6c1ac0459a5dbee1b3ba6770e592
user9,83aa70efe4ed0ca46336d5f24eb7e8bcb75f4b566b27c37b8d9cc6e8
user10,51d231ebcca798bf7563e2ed3b9deb570a84c6524d87bddd3765bd18
user11,6c40e189f4cad10afaf3c61468ac0b0646283bf52b58fd468302db9c
user11,6c40e189f4cad10afaf3c61468ac0b0646283bf52b58fd468302db9c
